{
  "todos": [
    {
      "userId": 1,
      "id": 23,
      "title": "quo adipisci enim quam ut ab",
      "completed": false
    },
    {
      "userId": 0.02902807860088763,
      "id": 1695581055012,
      "title": "ЕЕЕЕ бой есть жиbbb",
      "completed": false
    },
    {
      "userId": 0.8928698628303651,
      "id": 1695585615016,
      "title": "kjbbjkbk",
      "completed": false
    },
    {
      "userId": 0.4746176424537598,
      "id": 1696351428245,
      "title": "Новая задачка эээээ",
      "completed": false
    }
  ]
}